"AC Name","AC No.","Type","District","Winning Candidate","Party","Total Electors","Total Votes","Poll%","Margin","Margin %"
Achanta,56,GEN,https://www.indiavotes.com/district/ac/272/,Cherukuvada Sriranganadha Raju,Yuvajana Sramika Rythu Congress Party,174307,137294,78.8 %,12886,9.4%
Addanki ,105,GEN,https://www.indiavotes.com/district/ac/272/,Gottipati Ravikumar,Telugu Desam,231965,205934,88.8 %,12991,6.3%
Adoni,146,GEN,Visakhapatnam,Y. Sai Prasad Reddy,Yuvajana Sramika Rythu Congress Party,240200,155779,64.9 %,12319,7.9%
Allagadda,134,GEN,Vizianagaram,Gangula Brijendra Reddy (Nani),Yuvajana Sramika Rythu Congress Party,221149,184010,83.2 %,35613,19.4%
Alur,147,GEN,Visakhapatnam,P Jayaram,Yuvajana Sramika Rythu Congress Party,236276,186340,78.9 %,39896,21.4%
Amadalavalasa,6,GEN,https://www.indiavotes.com/district/ac/272/,Thammineni Seetharam,Yuvajana Sramika Rythu Congress Party,189631,147415,77.7 %,13991,9.5%
Amalapuram ,44,SC,https://www.indiavotes.com/district/ac/272/,Viswarupu Pinipe,Yuvajana Sramika Rythu Congress Party,203768,167376,82.1 %,25654,15.3%
Anakapalli,30,GEN,https://www.indiavotes.com/district/ac/272/,A V S S Amarnath Gudivada,Yuvajana Sramika Rythu Congress Party,205556,156691,76.2 %,8169,5.2%
Anantapur Urban,153,GEN,Visakhapatnam,Anantha Venkatarami Reddy,Yuvajana Sramika Rythu Congress Party,255805,163829,64.0 %,28698,17.5%
Anaparthy,40,GEN,https://www.indiavotes.com/district/ac/272/,Doctor. Sathi Suryanarayana Reddy,Yuvajana Sramika Rythu Congress Party,213505,184596,86.5 %,55207,29.9%
Araku Valley ,28,ST,https://www.indiavotes.com/district/ac/272/,Chetti. Palguna,Yuvajana Sramika Rythu Congress Party,220888,147398,66.7 %,25441,17.3%
Atmakur,115,GEN,https://www.indiavotes.com/district/ac/272/,Mekapati Goutham Reddy,Yuvajana Sramika Rythu Congress Party,209039,172146,82.4 %,22276,12.9%
Avanigadda,76,GEN,https://www.indiavotes.com/district/ac/272/,Ramesh Babu Simhadri,Yuvajana Sramika Rythu Congress Party,207334,182594,88.1 %,20725,11.4%
Badvel ,124,SC,Srikakulam,Dr. G. Venkata Subbaiah,Yuvajana Sramika Rythu Congress Party,205317,154815,75.4 %,44734,28.9%
Banaganapalle,140,GEN,Visakhapatnam,Katasani Rami Reddy,Yuvajana Sramika Rythu Congress Party,233723,193392,82.7 %,13384,6.9%
Bapatla,92,GEN,https://www.indiavotes.com/district/ac/272/,Kona Raghupathi,Yuvajana Sramika Rythu Congress Party,185068,153009,82.7 %,15199,9.9%
Bhimavaram,59,GEN,https://www.indiavotes.com/district/ac/272/,Grandhi Srinivas,Yuvajana Sramika Rythu Congress Party,246320,190569,77.4 %,8357,4.4%
Bhimli,20,GEN,https://www.indiavotes.com/district/ac/272/,Muttamsetti Srinivasarao (AVANTHI SRINIVAS),Yuvajana Sramika Rythu Congress Party,307125,225627,73.5 %,9712,4.3%
Bobbili ,14,GEN,https://www.indiavotes.com/district/ac/272/,Sambangi Venkatachina Appala Naidu,Yuvajana Sramika Rythu Congress Party,220843,171426,77.6 %,8352,4.9%
Chandragiri,166,GEN,East Godavari,Dr.Chevireddy Bhaskar Reddy,Yuvajana Sramika Rythu Congress Party,292115,226415,77.5 %,41755,18.4%
Cheepurupalli,15,GEN,https://www.indiavotes.com/district/ac/272/,Botcha Satyanarayana,Yuvajana Sramika Rythu Congress Party,198977,162530,81.7 %,26498,16.3%
Chilakaluripet,96,GEN,https://www.indiavotes.com/district/ac/272/,Rajini Vidadala,Yuvajana Sramika Rythu Congress Party,223940,187218,83.6 %,8301,4.4%
Chintalapudi ,68,SC,https://www.indiavotes.com/district/ac/272/,Vunnamatla Rakada Eliza,Yuvajana Sramika Rythu Congress Party,263354,212755,80.8 %,36175,17.0%
Chirala,106,GEN,https://www.indiavotes.com/district/ac/272/,Karanam Balarama Krishna Murthy,Telugu Desam,190818,156163,81.8 %,17419,11.2%
Chittoor,172,GEN,East Godavari,Aranii Srenevasulu (Jangalapalli),Yuvajana Sramika Rythu Congress Party,193863,150210,77.5 %,39968,26.6%
Chodavaram,26,GEN,https://www.indiavotes.com/district/ac/272/,Karanam Dharmasri,Yuvajana Sramika Rythu Congress Party,210793,169688,80.5 %,27637,16.3%
Darsi,103,GEN,https://www.indiavotes.com/district/ac/272/,Maddisetty Venugopal,Yuvajana Sramika Rythu Congress Party,214430,192850,89.9 %,39057,20.3%
Denduluru ,64,GEN,https://www.indiavotes.com/district/ac/272/,Abbaya Chowdary Kothari,Yuvajana Sramika Rythu Congress Party,220352,184443,83.7 %,17459,9.5%
Dharmavaram,160,GEN,East Godavari,Kethireddy Venkatarami Reddy,Yuvajana Sramika Rythu Congress Party,240525,208912,86.9 %,15666,7.5%
Dhone,141,GEN,Visakhapatnam,Buggana Raja Reddy,Yuvajana Sramika Rythu Congress Party,219962,172692,78.5 %,35516,20.6%
Elamanchili,32,GEN,https://www.indiavotes.com/district/ac/272/,Uppalapati Venkata Ramanamurthy Raju,Yuvajana Sramika Rythu Congress Party,198545,165803,83.5 %,4146,2.5%
Eluru,65,GEN,https://www.indiavotes.com/district/ac/272/,Alla Kali Krishna Srinivas,Yuvajana Sramika Rythu Congress Party,238865,159987,67.0 %,4072,2.5%
Etcherla,7,GEN,https://www.indiavotes.com/district/ac/272/,Gorle. Kiran Kumar,Yuvajana Sramika Rythu Congress Party,232048,190744,82.2 %,18711,9.8%
Gajapathinagaram,16,GEN,https://www.indiavotes.com/district/ac/272/,Appalanarasayya Botcha,Yuvajana Sramika Rythu Congress Party,198301,167693,84.6 %,27011,16.1%
Gajuwaka,25,GEN,https://www.indiavotes.com/district/ac/272/,Nagireddy Tippala,Yuvajana Sramika Rythu Congress Party,309996,197520,63.7 %,16753,8.5%
Gangadhara Nellore,171,SC,East Godavari,K. Narayana Swamy,Yuvajana Sramika Rythu Congress Party,199864,169844,85.0 %,45594,26.8%
Gannavaram,71,GEN,https://www.indiavotes.com/district/ac/272/,Vamsi Vallabhaneni,Telugu Desam,258057,218900,84.8 %,838,0.4%
Gannavaram ,46,SC,https://www.indiavotes.com/district/ac/272/,Kondeti Chitti Babu,Yuvajana Sramika Rythu Congress Party,189382,153742,81.2 %,22207,14.4%
Giddalur,112,GEN,https://www.indiavotes.com/district/ac/272/,Anna Rambabu,Yuvajana Sramika Rythu Congress Party,238126,192413,80.8 %,81035,42.1%
Gopalapuram ,66,SC,https://www.indiavotes.com/district/ac/272/,Venkatrao Talari,Yuvajana Sramika Rythu Congress Party,232108,195466,84.2 %,37461,19.2%
Gudivada ,72,GEN,https://www.indiavotes.com/district/ac/272/,Kodali Sri Venkateswara Rao,Yuvajana Sramika Rythu Congress Party,208374,164617,79.0 %,19479,11.8%
Gudur ,120,SC,Srikakulam,Velagapalli Varaprasad Rao,Yuvajana Sramika Rythu Congress Party,236482,181345,76.7 %,45458,25.1%
Guntakal,150,GEN,Visakhapatnam,Y. Venkatarama Reddy,Yuvajana Sramika Rythu Congress Party,252648,189510,75.0 %,48532,25.6%
Guntur East,95,GEN,https://www.indiavotes.com/district/ac/272/,Mohammed Mustafa Shaik,Yuvajana Sramika Rythu Congress Party,229872,160810,70.0 %,22091,13.7%
Guntur West,94,GEN,https://www.indiavotes.com/district/ac/272/,Maddali Giridhara Rao,Telugu Desam,265208,173876,65.6 %,4289,2.5%
Gurazala,100,GEN,https://www.indiavotes.com/district/ac/272/,Kasu Mahesh Reddy,Yuvajana Sramika Rythu Congress Party,268544,223041,83.1 %,28613,12.8%
Hindupur,157,GEN,East Godavari,Nandamuri Balakrishna,Telugu Desam,229325,176877,77.1 %,17028,9.6%
Ichchapuram,1,GEN,https://www.indiavotes.com/district/ac/272/,Ashok Bendalam,Telugu Desam,247921,168543,68.0 %,7145,4.2%
Jaggampeta ,52,GEN,https://www.indiavotes.com/district/ac/272/,Jyothula Naga Veera Venkata Vishnu Satya Marthanda Rao,Yuvajana Sramika Rythu Congress Party,211471,178111,84.2 %,23365,13.1%
Jaggayyapeta,84,GEN,https://www.indiavotes.com/district/ac/272/,Udayabhanu Samineni,Yuvajana Sramika Rythu Congress Party,195718,175076,89.5 %,4778,2.7%
Jammalamadugu,131,GEN,Vizianagaram,Mule Sudheer Reddy,Yuvajana Sramika Rythu Congress Party,237791,201619,84.8 %,51641,25.6%
Kadapa,126,GEN,Srikakulam,Amzath Basha Shaik Bepari,Yuvajana Sramika Rythu Congress Party,265124,165229,62.3 %,54794,33.2%
Kadiri,161,GEN,East Godavari,P.V. Sidda Reddy,Yuvajana Sramika Rythu Congress Party,240077,188413,78.5 %,27243,14.5%
Kaikalur,73,GEN,https://www.indiavotes.com/district/ac/272/,Dulam Nageswara Rao,Yuvajana Sramika Rythu Congress Party,195838,170243,86.9 %,9357,5.5%
Kakinada City,41,GEN,https://www.indiavotes.com/district/ac/272/,Dwarampudi Chandra Sekhara Reddy,Yuvajana Sramika Rythu Congress Party,255631,169950,66.5 %,14111,8.3%
Kakinada Rural,38,GEN,https://www.indiavotes.com/district/ac/272/,Kurasala Kannababu,Yuvajana Sramika Rythu Congress Party,249089,182932,73.4 %,8789,4.8%
Kalyandurg,154,GEN,East Godavari,K.V. Usha Sricharan,Yuvajana Sramika Rythu Congress Party,219679,189326,86.2 %,19896,10.5%
Kamalapuram ,130,GEN,Vizianagaram,Pochimareddy Ravindranath Reddy,Yuvajana Sramika Rythu Congress Party,193119,156758,81.2 %,27333,17.4%
Kandukur,109,GEN,https://www.indiavotes.com/district/ac/272/,Maheedhar Reddy Manugunta,Yuvajana Sramika Rythu Congress Party,218937,194954,89.0 %,14936,7.7%
Kanigiri,113,GEN,https://www.indiavotes.com/district/ac/272/,Burra Madhu Sudhan Yadav,Yuvajana Sramika Rythu Congress Party,232071,190522,82.1 %,40903,21.5%
Kavali,114,GEN,https://www.indiavotes.com/district/ac/272/,Ramireddy Pratap Kumar Reddy,Yuvajana Sramika Rythu Congress Party,255422,192774,75.5 %,14117,7.3%
Kodumur ,143,SC,Visakhapatnam,Jaradoddi Sudhakar,Yuvajana Sramika Rythu Congress Party,216206,165486,76.5 %,36045,21.8%
Kodur ,127,SC,Srikakulam,Koramutla Sreenivasulu,Yuvajana Sramika Rythu Congress Party,182756,135200,74.0 %,34879,25.8%
Kondapi ,110,SC,https://www.indiavotes.com/district/ac/272/,Doctor Dola Sree Bala Veeranjaneya Swamy,Telugu Desam,231650,201277,86.9 %,1024,0.5%
Kothapeta,47,GEN,https://www.indiavotes.com/district/ac/272/,Chirla Jaggireddy,Yuvajana Sramika Rythu Congress Party,241634,201942,83.6 %,4038,2.0%
Kovur,116,GEN,https://www.indiavotes.com/district/ac/272/,Nallapareddy Prasanna Kumar Reddy,Yuvajana Sramika Rythu Congress Party,264665,202943,76.7 %,39891,19.7%
Kovvur ,54,SC,https://www.indiavotes.com/district/ac/272/,Taneti Vanita,Yuvajana Sramika Rythu Congress Party,176495,150446,85.2 %,25248,16.8%
Kuppam,175,GEN,West Godavari,Nara Chandra Babu Naidu,Telugu Desam,213309,178594,83.7 %,30722,17.2%
Kurnool,137,GEN,Vizianagaram,Abdul Hafeez Khan,Yuvajana Sramika Rythu Congress Party,258834,151959,58.7 %,5353,3.5%
Kurupam ,11,ST,https://www.indiavotes.com/district/ac/272/,Pushpasreevani . Pamula,Yuvajana Sramika Rythu Congress Party,184222,138723,75.3 %,26602,19.2%
Macherla,101,GEN,https://www.indiavotes.com/district/ac/272/,Ramakrishnareddy Pinnelli.,Yuvajana Sramika Rythu Congress Party,250381,209986,83.9 %,21918,10.4%
Machilipatnam,75,GEN,https://www.indiavotes.com/district/ac/272/,Perni Venkataramaiah (NANI),Yuvajana Sramika Rythu Congress Party,184566,147844,80.1 %,5851,4.0%
Madakasira ,156,SC,East Godavari,M Thippeswamy,Yuvajana Sramika Rythu Congress Party,201879,174447,86.4 %,13136,7.5%
Madanapalle,164,GEN,East Godavari,Mohammed Nawaz Basha,Yuvajana Sramika Rythu Congress Party,246224,178410,72.5 %,29648,16.6%
Mandapeta,48,GEN,https://www.indiavotes.com/district/ac/272/,Jogeswara Rao. V,Telugu Desam,214386,184845,86.2 %,10600,5.7%
Mangalagiri,87,GEN,https://www.indiavotes.com/district/ac/272/,Alla Rama Krishna Reddy (RK),Yuvajana Sramika Rythu Congress Party,268532,227790,84.8 %,5337,2.3%
Mantralayam,145,GEN,Visakhapatnam,Y. Balanagi Reddy,Yuvajana Sramika Rythu Congress Party,187041,156429,83.6 %,23879,15.3%
Markapuram,111,GEN,https://www.indiavotes.com/district/ac/272/,Kunduru Nagarjuna Reddy,Yuvajana Sramika Rythu Congress Party,210097,175903,83.7 %,18667,10.6%
Mummidivaram,43,GEN,https://www.indiavotes.com/district/ac/272/,Ponnada Venkata Satish Kumar,Yuvajana Sramika Rythu Congress Party,229597,189745,82.6 %,5547,2.9%
Mydukur,133,GEN,Vizianagaram,Raghurami Reddy Settipally,Yuvajana Sramika Rythu Congress Party,208183,167676,80.5 %,29344,17.5%
Mylavaram,82,GEN,https://www.indiavotes.com/district/ac/272/,Vasantha Venkata Krishna Prasad,Yuvajana Sramika Rythu Congress Party,280513,231685,82.6 %,12653,5.5%
Nagari,170,GEN,East Godavari,R.K. Roja,Yuvajana Sramika Rythu Congress Party,194892,167076,85.7 %,2708,1.6%
Nandigama ,83,SC,https://www.indiavotes.com/district/ac/272/,Monditoka Jagan Mohana Rao,Yuvajana Sramika Rythu Congress Party,195045,169448,86.9 %,10881,6.4%
Nandikotkur ,136,SC,Vizianagaram,Thoguru Arthur,Yuvajana Sramika Rythu Congress Party,197710,170687,86.3 %,40610,23.8%
Nandyal,139,GEN,Visakhapatnam,Shilpa Ravi Chandra Kishore Reddy,Yuvajana Sramika Rythu Congress Party,256932,196481,76.5 %,34560,17.6%
Narasannapeta,8,GEN,https://www.indiavotes.com/district/ac/272/,Dharmana Krishna Das,Yuvajana Sramika Rythu Congress Party,210435,164038,78.0 %,19555,11.9%
Narasapuram,58,GEN,https://www.indiavotes.com/district/ac/272/,Mudunuri Prasada Raju,Yuvajana Sramika Rythu Congress Party,168186,135413,80.5 %,6436,4.8%
Narasaraopet,97,GEN,https://www.indiavotes.com/district/ac/272/,Gopireddy Srinivasareddy,Yuvajana Sramika Rythu Congress Party,221690,182110,82.1 %,32277,17.7%
Narsipatnam,34,GEN,https://www.indiavotes.com/district/ac/272/,Uma Sankara Ganesh Petla,Yuvajana Sramika Rythu Congress Party,210561,168565,80.1 %,23366,13.9%
Nellimarla,17,GEN,https://www.indiavotes.com/district/ac/272/,Appala Naidu Baddukonda,Yuvajana Sramika Rythu Congress Party,201711,172697,85.6 %,28051,16.2%
Nellore City,117,GEN,https://www.indiavotes.com/district/ac/272/,Anil Kumar Poluboina,Yuvajana Sramika Rythu Congress Party,238757,157209,65.8 %,1988,1.3%
Nellore Rural,118,GEN,https://www.indiavotes.com/district/ac/272/,Kotamreddy Sridhar Reddy,Yuvajana Sramika Rythu Congress Party,254605,164217,64.5 %,20776,12.7%
Nidadavole,55,GEN,https://www.indiavotes.com/district/ac/272/,G. Srinivas Naidu,Yuvajana Sramika Rythu Congress Party,203233,166403,81.9 %,21688,13.0%
Nuzvid ,70,GEN,https://www.indiavotes.com/district/ac/272/,Meka Venkata Pratap Apparao,Yuvajana Sramika Rythu Congress Party,230682,198300,86.0 %,16210,8.2%
Ongole,108,GEN,https://www.indiavotes.com/district/ac/272/,Balineni Srinivasa Reddy (VASU),Yuvajana Sramika Rythu Congress Party,229429,192638,84.0 %,22245,11.5%
Paderu ,29,ST,https://www.indiavotes.com/district/ac/272/,Bhagya Lakshmi Kottagulli,Yuvajana Sramika Rythu Congress Party,227101,132808,58.5 %,42804,32.2%
Palacole,57,GEN,https://www.indiavotes.com/district/ac/272/,Dr. Nimmala Ramanaidu,Telugu Desam,190181,155251,81.6 %,17809,11.5%
Palakonda  (ST),10,ST,https://www.indiavotes.com/district/ac/272/,Viswasarayi Kalavathi,Yuvajana Sramika Rythu Congress Party,184956,133164,72.0 %,17980,13.5%
Palamaner,174,GEN,West Godavari,N Venkate Gowda,Yuvajana Sramika Rythu Congress Party,256084,216396,84.5 %,31616,14.6%
Palasa,2,GEN,https://www.indiavotes.com/district/ac/272/,Appalaraju Seediri,Yuvajana Sramika Rythu Congress Party,206750,147647,71.4 %,16247,11.0%
Pamarru ,77,SC,https://www.indiavotes.com/district/ac/272/,Anil Kumar Kaile,Yuvajana Sramika Rythu Congress Party,180906,155757,86.1 %,30873,19.8%
Panyam,138,GEN,Vizianagaram,Katasani Rambhupal Reddy,Yuvajana Sramika Rythu Congress Party,288231,213073,73.9 %,43857,20.6%
Parchur ,104,GEN,https://www.indiavotes.com/district/ac/272/,Yeluri Samba Sivarao,Telugu Desam,230209,201974,87.7 %,1647,0.8%
Parvathipuram ,12,SC,https://www.indiavotes.com/district/ac/272/,Alajangi Jogarao,Yuvajana Sramika Rythu Congress Party,182853,137154,75.0 %,24199,17.6%
Pathapatnam,4,GEN,https://www.indiavotes.com/district/ac/272/,Reddy Shanthi,Yuvajana Sramika Rythu Congress Party,217880,148382,68.1 %,15551,10.5%
Pattikonda,142,GEN,Visakhapatnam,Kangati Sreedevi,Yuvajana Sramika Rythu Congress Party,206896,166832,80.6 %,42065,25.2%
Payakaraopeta ,33,SC,https://www.indiavotes.com/district/ac/272/,Golla Baburao,Yuvajana Sramika Rythu Congress Party,240676,190536,79.2 %,31189,16.4%
Pedakurapadu,85,GEN,https://www.indiavotes.com/district/ac/272/,Sankara Rao Namburu,Yuvajana Sramika Rythu Congress Party,222779,196488,88.2 %,14104,7.2%
Pedana,74,GEN,https://www.indiavotes.com/district/ac/272/,Jogi Ramesh,Yuvajana Sramika Rythu Congress Party,166214,144441,86.9 %,7839,5.4%
Peddapuram,39,GEN,https://www.indiavotes.com/district/ac/272/,Nimmakayala China Rajappa,Telugu Desam,201959,160856,79.6 %,4027,2.5%
Penamaluru,78,GEN,https://www.indiavotes.com/district/ac/272/,Kolusu Partha Sarathy,Yuvajana Sramika Rythu Congress Party,267795,212379,79.3 %,11317,5.3%
Pendurthi,31,GEN,https://www.indiavotes.com/district/ac/272/,Annamreddy Adeep Raj,Yuvajana Sramika Rythu Congress Party,268875,196634,73.1 %,28860,14.7%
Penukonda,158,GEN,East Godavari,Malagundla Sankaranarayana,Yuvajana Sramika Rythu Congress Party,220550,187561,85.0 %,15058,8.0%
Pileru,163,GEN,East Godavari,Chinthala Ramachandra Reddy,Yuvajana Sramika Rythu Congress Party,223979,176302,78.7 %,7874,4.5%
Pithapuram,37,GEN,https://www.indiavotes.com/district/ac/272/,Dorababu Pendem,Yuvajana Sramika Rythu Congress Party,229724,184343,80.2 %,14992,8.1%
Polavaram ,67,ST,https://www.indiavotes.com/district/ac/272/,Tellam Bala Raju,Yuvajana Sramika Rythu Congress Party,245520,207307,84.4 %,42070,20.3%
Ponnur,88,GEN,https://www.indiavotes.com/district/ac/272/,Venkatroshaiah Kilari,Yuvajana Sramika Rythu Congress Party,228216,189662,83.1 %,1112,0.6%
Prathipadu,36,GEN,https://www.indiavotes.com/district/ac/272/,Sri Purnachandra Prasad Parvatha,Yuvajana Sramika Rythu Congress Party,202794,162836,80.3 %,4611,2.8%
Prathipadu (SC),93,SC,https://www.indiavotes.com/district/ac/272/,Mekathoti Sucharitha,Yuvajana Sramika Rythu Congress Party,250573,209503,83.6 %,7398,3.5%
Proddatur,132,GEN,Vizianagaram,Rachamallu Siva Prasad Reddy,Yuvajana Sramika Rythu Congress Party,236808,180770,76.3 %,43148,23.9%
Pulivendla,129,GEN,Srikakulam,Yeduguri Sandinti Jagan Mohan Reddy,Yuvajana Sramika Rythu Congress Party,223754,177967,79.5 %,90110,50.6%
Punganur,165,GEN,East Godavari,Peddireddi Ramachandra Reddy,Yuvajana Sramika Rythu Congress Party,229624,192581,83.9 %,43555,22.6%
Puthalapattu ,173,SC,West Godavari,M. Babu,Yuvajana Sramika Rythu Congress Party,216220,184815,85.5 %,29163,15.8%
Puttaparthi,159,GEN,East Godavari,Duddukunta Sreedhar Reddy,Yuvajana Sramika Rythu Congress Party,200063,169981,85.0 %,31255,18.4%
Rajahmundry City,50,GEN,https://www.indiavotes.com/district/ac/272/,Adireddy Bhavani,Telugu Desam,253121,166235,65.7 %,30065,18.1%
Rajam (SC),9,SC,https://www.indiavotes.com/district/ac/272/,Kambala Jogulu,Yuvajana Sramika Rythu Congress Party,219975,158947,72.3 %,16848,10.6%
Rajampet,125,GEN,Srikakulam,Meda Venkata Mallikarjuna Reddy,Yuvajana Sramika Rythu Congress Party,222386,163398,73.5 %,35272,21.6%
Rajamundry Rural,51,GEN,https://www.indiavotes.com/district/ac/272/,Gorantla Butchaiah Choudary,Telugu Desam,254420,187206,73.6 %,10404,5.6%
Rajanagaram,49,GEN,https://www.indiavotes.com/district/ac/272/,Jakkampudi Raja,Yuvajana Sramika Rythu Congress Party,201252,174585,86.7 %,31772,18.2%
Ramachandrapuram,42,GEN,https://www.indiavotes.com/district/ac/272/,Chelluboyina Srinivasa Venugopalakrishna,Yuvajana Sramika Rythu Congress Party,193860,167428,86.4 %,5168,3.1%
Rampachodavaram ,53,ST,https://www.indiavotes.com/district/ac/272/,Nagulapalli Dhanalakshmi.,Yuvajana Sramika Rythu Congress Party,260370,197259,75.8 %,39206,19.9%
Raptadu,155,GEN,East Godavari,Thopudurthi Prakash Reddy,Yuvajana Sramika Rythu Congress Party,245727,200379,81.5 %,25575,12.8%
Rayachoti,128,GEN,Srikakulam,Gadikota. Srikanth Reddy.,Yuvajana Sramika Rythu Congress Party,231829,171617,74.0 %,32862,19.1%
Rayadurg,148,GEN,Visakhapatnam,Kapu Ramachandra Reddy,Yuvajana Sramika Rythu Congress Party,249593,212229,85.0 %,14049,6.6%
Razole ,45,SC,https://www.indiavotes.com/district/ac/272/,Rapaka Vara Prasada Rao,Janasena Party ,186900,148192,79.3 %,814,0.5%
Repalle,90,GEN,https://www.indiavotes.com/district/ac/272/,Anagani Satya Prasad,Telugu Desam,223709,184794,82.6 %,11555,6.3%
Salur ,13,ST,https://www.indiavotes.com/district/ac/272/,Peedika. Rajanna Dora,Yuvajana Sramika Rythu Congress Party,190934,146839,76.9 %,20029,13.6%
Santhanuthalapadu ,107,SC,https://www.indiavotes.com/district/ac/272/,T.J.R. Sudhakar Babu,Yuvajana Sramika Rythu Congress Party,211549,178656,84.5 %,9078,5.1%
Sarvepalli,119,GEN,https://www.indiavotes.com/district/ac/272/,Kakani Govardhan Reddy,Yuvajana Sramika Rythu Congress Party,230412,186610,81.0 %,13973,7.5%
Sattenapalli,98,GEN,https://www.indiavotes.com/district/ac/272/,Ambati Rambabu,Yuvajana Sramika Rythu Congress Party,231022,202487,87.6 %,20876,10.3%
Satyavedu ,169,SC,East Godavari,Adimulam Koneti,Yuvajana Sramika Rythu Congress Party,202826,172767,85.2 %,44744,25.9%
Singanamala ,152,SC,Visakhapatnam,Padmavathy Jonnalagadda,Yuvajana Sramika Rythu Congress Party,235429,195126,82.9 %,46242,23.7%
Srikakulam,5,GEN,https://www.indiavotes.com/district/ac/272/,Dharmana Prasada Rao,Yuvajana Sramika Rythu Congress Party,256201,174215,68.0 %,5777,3.3%
Srikalahasti,168,GEN,East Godavari,Madhusudhan Reddy Biyyapu,Yuvajana Sramika Rythu Congress Party,237735,194325,81.7 %,38141,19.6%
Srisailam,135,GEN,Vizianagaram,Silpa Chakrapani Reddy,Yuvajana Sramika Rythu Congress Party,185179,151208,81.7 %,38698,25.6%
Srungavarapukota,19,GEN,https://www.indiavotes.com/district/ac/272/,Kadubandi Srinivasa Rao,Yuvajana Sramika Rythu Congress Party,213382,180265,84.5 %,11365,6.3%
Sullurpeta ,121,SC,Srikakulam,Kiliveti Sanjeevaiah,Yuvajana Sramika Rythu Congress Party,231672,188938,81.6 %,61292,32.4%
Tadepalligudem,62,GEN,https://www.indiavotes.com/district/ac/272/,Kottu Satyanarayana,Yuvajana Sramika Rythu Congress Party,208771,165972,79.5 %,16466,9.9%
Tadikonda (SC),86,SC,https://www.indiavotes.com/district/ac/272/,Vundavalli Sridevi,Yuvajana Sramika Rythu Congress Party,200265,177638,88.7 %,4433,2.5%
Tadipatri,151,GEN,Visakhapatnam,K. Pedda Reddy,Yuvajana Sramika Rythu Congress Party,234906,185811,79.1 %,7511,4.0%
Tanuku,61,GEN,https://www.indiavotes.com/district/ac/272/,Karumuri Venkata Nageswara Rao,Yuvajana Sramika Rythu Congress Party,232212,186609,80.4 %,2195,1.2%
Tekkali,3,GEN,https://www.indiavotes.com/district/ac/272/,Atchannaidu Kinjarapu,Telugu Desam,224833,173648,77.2 %,8545,4.9%
Tenali  ,91,GEN,https://www.indiavotes.com/district/ac/272/,Annabathuni Siva Kumar,Yuvajana Sramika Rythu Congress Party,263240,204616,77.7 %,17649,8.6%
Thamballapalle,162,GEN,East Godavari,Peddireddy Dwarakanatha Reddy,Yuvajana Sramika Rythu Congress Party,209979,174383,83.0 %,46938,26.9%
Tirupati,167,GEN,East Godavari,Bhumana Karunakar Reddy,Yuvajana Sramika Rythu Congress Party,270799,179009,66.1 %,708,0.4%
Tiruvuru ,69,SC,https://www.indiavotes.com/district/ac/272/,Kokkiligadda Rakshana Nidhi,Yuvajana Sramika Rythu Congress Party,203428,173933,85.5 %,10835,6.2%
Tuni,35,GEN,https://www.indiavotes.com/district/ac/272/,Dadisetti Raja,Yuvajana Sramika Rythu Congress Party,213037,174789,82.0 %,24016,13.7%
Udayagiri,123,GEN,Srikakulam,Mekapati Chandra Sekhar Reddy,Yuvajana Sramika Rythu Congress Party,231187,182871,79.1 %,36528,20.0%
Undi,60,GEN,https://www.indiavotes.com/district/ac/272/,Mantena Ramaraju,Telugu Desam,219561,184192,83.9 %,10949,5.9%
Unguturu,63,GEN,https://www.indiavotes.com/district/ac/272/,Puppala Srinivasarao,Yuvajana Sramika Rythu Congress Party,200207,171520,85.7 %,33153,19.3%
Uravakonda,149,GEN,Visakhapatnam,Payyavula Keshav,Telugu Desam,215918,185239,85.8 %,2132,1.2%
V.Madugula,27,GEN,https://www.indiavotes.com/district/ac/272/,Budi Mutyala Naidu,Yuvajana Sramika Rythu Congress Party,186291,149937,80.5 %,16392,10.9%
Vemuru (SC),89,SC,https://www.indiavotes.com/district/ac/272/,Merugu Nagarjuna,Yuvajana Sramika Rythu Congress Party,195268,169825,87.0 %,9999,5.9%
Venkatagiri,122,GEN,Srikakulam,Anam Ramanarayana Reddy,Yuvajana Sramika Rythu Congress Party,240272,186608,77.7 %,38720,20.7%
Vijayawada Central,80,GEN,https://www.indiavotes.com/district/ac/272/,Vishnu Vardhan Malladi,Yuvajana Sramika Rythu Congress Party,269840,176997,65.6 %,25,0.0%
Vijayawada East,81,GEN,https://www.indiavotes.com/district/ac/272/,Gadde Rama Mohan,Telugu Desam,275703,185860,67.4 %,15164,8.2%
Vijaywada West,79,GEN,https://www.indiavotes.com/district/ac/272/,Velam Palli Srinivasa Rao,Yuvajana Sramika Rythu Congress Party,232573,152847,65.7 %,7671,5.0%
Vinukonda,99,GEN,https://www.indiavotes.com/district/ac/272/,Bolla Brahma Naidu,Yuvajana Sramika Rythu Congress Party,251829,221735,88.0 %,28628,12.9%
Visakhapatnam East,21,GEN,https://www.indiavotes.com/district/ac/272/,Ramakrishna Babu Velagapudi,Telugu Desam,272426,172063,63.2 %,26474,15.4%
Visakhapatnam  North,23,GEN,https://www.indiavotes.com/district/ac/272/,Ganta Srinivasa Rao,Telugu Desam,280311,175430,62.6 %,1944,1.1%
Visakhapatnam South,22,GEN,https://www.indiavotes.com/district/ac/272/,Ganesh Kumar Vasupalli,Telugu Desam,209327,124493,59.5 %,3729,3.0%
Visakhapatnam  West,24,GEN,https://www.indiavotes.com/district/ac/272/,Gana Venkata Reddy Naidu Pethakamsetti (GANA BABU),Telugu Desam,236617,133257,56.3 %,18981,14.2%
Vizianagaram,18,GEN,https://www.indiavotes.com/district/ac/272/,Veera Bhadra Swamy Kolagatla,Yuvajana Sramika Rythu Congress Party,232002,162623,70.1 %,6417,3.9%
Yemmiganur,144,GEN,Visakhapatnam,K Chennakesava Reddy,Yuvajana Sramika Rythu Congress Party,227357,178661,78.6 %,25610,14.3%
Yerragondapalem ,102,SC,https://www.indiavotes.com/district/ac/272/,Audimulapu Suresh,Yuvajana Sramika Rythu Congress Party,200579,173450,86.5 %,31632,18.2%